--
-- PostgreSQL database dump
--

-- Dumped from database version 9.6.2
-- Dumped by pg_dump version 9.6.2

SET statement_timeout = 0;
SET lock_timeout = 0;
SET idle_in_transaction_session_timeout = 0;
SET client_encoding = 'UTF8';
SET standard_conforming_strings = on;
SET check_function_bodies = false;
SET client_min_messages = warning;
SET row_security = off;

--
-- Name: plpgsql; Type: EXTENSION; Schema: -; Owner: 
--

CREATE EXTENSION IF NOT EXISTS plpgsql WITH SCHEMA pg_catalog;


--
-- Name: EXTENSION plpgsql; Type: COMMENT; Schema: -; Owner: 
--

COMMENT ON EXTENSION plpgsql IS 'PL/pgSQL procedural language';


SET search_path = public, pg_catalog;

SET default_tablespace = '';

SET default_with_oids = false;

--
-- Name: answers; Type: TABLE; Schema: public; Owner: josh
--

CREATE TABLE answers (
    id integer NOT NULL,
    answer character varying(200) NOT NULL,
    question_id integer NOT NULL,
    isanswer boolean NOT NULL
);


ALTER TABLE answers OWNER TO josh;

--
-- Name: answers_id_seq; Type: SEQUENCE; Schema: public; Owner: josh
--

CREATE SEQUENCE answers_id_seq
    START WITH 1
    INCREMENT BY 1
    NO MINVALUE
    NO MAXVALUE
    CACHE 1;


ALTER TABLE answers_id_seq OWNER TO josh;

--
-- Name: answers_id_seq; Type: SEQUENCE OWNED BY; Schema: public; Owner: josh
--

ALTER SEQUENCE answers_id_seq OWNED BY answers.id;


--
-- Name: category; Type: TABLE; Schema: public; Owner: josh
--

CREATE TABLE category (
    id integer NOT NULL,
    category_type character varying(30) NOT NULL
);


ALTER TABLE category OWNER TO josh;

--
-- Name: category_id_seq; Type: SEQUENCE; Schema: public; Owner: josh
--

CREATE SEQUENCE category_id_seq
    START WITH 1
    INCREMENT BY 1
    NO MINVALUE
    NO MAXVALUE
    CACHE 1;


ALTER TABLE category_id_seq OWNER TO josh;

--
-- Name: category_id_seq; Type: SEQUENCE OWNED BY; Schema: public; Owner: josh
--

ALTER SEQUENCE category_id_seq OWNED BY category.id;


--
-- Name: currency; Type: TABLE; Schema: public; Owner: josh
--

CREATE TABLE currency (
    player_id integer NOT NULL,
    amount integer DEFAULT 1000 NOT NULL
);


ALTER TABLE currency OWNER TO josh;

--
-- Name: game_session; Type: TABLE; Schema: public; Owner: josh
--

CREATE TABLE game_session (
    id integer NOT NULL,
    player_id integer NOT NULL,
    session_start timestamp without time zone DEFAULT now(),
    session_end timestamp without time zone
);


ALTER TABLE game_session OWNER TO josh;

--
-- Name: game_session_id_seq; Type: SEQUENCE; Schema: public; Owner: josh
--

CREATE SEQUENCE game_session_id_seq
    START WITH 1
    INCREMENT BY 1
    NO MINVALUE
    NO MAXVALUE
    CACHE 1;


ALTER TABLE game_session_id_seq OWNER TO josh;

--
-- Name: game_session_id_seq; Type: SEQUENCE OWNED BY; Schema: public; Owner: josh
--

ALTER SEQUENCE game_session_id_seq OWNED BY game_session.id;


--
-- Name: item_value; Type: TABLE; Schema: public; Owner: josh
--

CREATE TABLE item_value (
    id integer NOT NULL,
    value_amount integer NOT NULL
);


ALTER TABLE item_value OWNER TO josh;

--
-- Name: item_value_id_seq; Type: SEQUENCE; Schema: public; Owner: josh
--

CREATE SEQUENCE item_value_id_seq
    START WITH 1
    INCREMENT BY 1
    NO MINVALUE
    NO MAXVALUE
    CACHE 1;


ALTER TABLE item_value_id_seq OWNER TO josh;

--
-- Name: item_value_id_seq; Type: SEQUENCE OWNED BY; Schema: public; Owner: josh
--

ALTER SEQUENCE item_value_id_seq OWNED BY item_value.id;


--
-- Name: player; Type: TABLE; Schema: public; Owner: josh
--

CREATE TABLE player (
    id integer NOT NULL,
    firstname character varying(25) NOT NULL,
    lastname character varying(30) NOT NULL,
    username character varying(30) NOT NULL,
    password character varying(100) NOT NULL
);


ALTER TABLE player OWNER TO josh;

--
-- Name: player_id_seq; Type: SEQUENCE; Schema: public; Owner: josh
--

CREATE SEQUENCE player_id_seq
    START WITH 1
    INCREMENT BY 1
    NO MINVALUE
    NO MAXVALUE
    CACHE 1;


ALTER TABLE player_id_seq OWNER TO josh;

--
-- Name: player_id_seq; Type: SEQUENCE OWNED BY; Schema: public; Owner: josh
--

ALTER SEQUENCE player_id_seq OWNED BY player.id;


--
-- Name: questions; Type: TABLE; Schema: public; Owner: josh
--

CREATE TABLE questions (
    id integer NOT NULL,
    question character varying(200) NOT NULL,
    category_id integer,
    value_id integer
);


ALTER TABLE questions OWNER TO josh;

--
-- Name: questions_id_seq; Type: SEQUENCE; Schema: public; Owner: josh
--

CREATE SEQUENCE questions_id_seq
    START WITH 1
    INCREMENT BY 1
    NO MINVALUE
    NO MAXVALUE
    CACHE 1;


ALTER TABLE questions_id_seq OWNER TO josh;

--
-- Name: questions_id_seq; Type: SEQUENCE OWNED BY; Schema: public; Owner: josh
--

ALTER SEQUENCE questions_id_seq OWNED BY questions.id;


--
-- Name: answers id; Type: DEFAULT; Schema: public; Owner: josh
--

ALTER TABLE ONLY answers ALTER COLUMN id SET DEFAULT nextval('answers_id_seq'::regclass);


--
-- Name: category id; Type: DEFAULT; Schema: public; Owner: josh
--

ALTER TABLE ONLY category ALTER COLUMN id SET DEFAULT nextval('category_id_seq'::regclass);


--
-- Name: game_session id; Type: DEFAULT; Schema: public; Owner: josh
--

ALTER TABLE ONLY game_session ALTER COLUMN id SET DEFAULT nextval('game_session_id_seq'::regclass);


--
-- Name: item_value id; Type: DEFAULT; Schema: public; Owner: josh
--

ALTER TABLE ONLY item_value ALTER COLUMN id SET DEFAULT nextval('item_value_id_seq'::regclass);


--
-- Name: player id; Type: DEFAULT; Schema: public; Owner: josh
--

ALTER TABLE ONLY player ALTER COLUMN id SET DEFAULT nextval('player_id_seq'::regclass);


--
-- Name: questions id; Type: DEFAULT; Schema: public; Owner: josh
--

ALTER TABLE ONLY questions ALTER COLUMN id SET DEFAULT nextval('questions_id_seq'::regclass);


--
-- Data for Name: answers; Type: TABLE DATA; Schema: public; Owner: josh
--

COPY answers (id, answer, question_id, isanswer) FROM stdin;
119	JdbcTemplate	30	t
120	DatabaseDrive	30	f
121	ConnectDatabase	30	f
122	Postgres	30	f
123	Setting Port number, Database connection, and other properties	31	t
124	Storing notes	31	f
2	Oracle	6	t
3	IBM	6	f
4	Red Hat	6	f
125	Holding Class Names	31	f
6	Intel	6	f
1	JVM	5	t
7	C++	5	f
8	.Net	5	f
9	Nothing	5	f
10	public static void main(String[] args)	4	t
12	public void main(String arg)	4	f
13	public static void run(String[] args)	4	f
14	public static void start(String[] args)	4	f
15	for() and while()	2	t
16	iterate()	2	f
17	through()	2	f
18	scan()	2	f
20	print()	1	f
21	console.write()	1	f
22	console.log()	1	f
19	System.out.print()	1	t
24	<tbody></tbody>	7	f
25	<thead></thead>	7	f
29	<legend></legend>	8	t
30	<define></define>	8	f
31	<caption></caption>	8	f
32	<h1></h1>	8	f
34	<link>	9	t
35	<source>	9	f
36	<meta>	9	f
38	<style>	9	f
39	body tags	10	f
40	html tags	10	f
41	semantic	10	t
42	non-semantic	10	f
43	<run></run>	11	f
44	<script></script>	11	t
45	<source></source>	11	f
46	<link>	11	f
23	<table></table>	7	f
26	<tr></tr>	7	t
47	{}	12	t
48	[]	12	f
49	<>	12	f
50	()	12	f
51	font-style:	13	f
52	font-color:	13	f
53	color:	13	t
54	font-fill:	13	f
56	stick:	14	f
57	fix:	14	f
58	set:	14	f
55	position:	14	t
59	margin:	15	t
60	space:	15	f
61	border:	15	f
62	set-margin:	15	f
63	Setting a color with transparency.	16	t
64	Setting background color.	16	f
65	Setting font color.	16	f
66	Setting radius of background	16	f
67	Arrow Syntax	17	t
68	Lambda	17	f
69	Array	17	f
70	Go function	17	f
71	stopReload()	18	f
73	noRefresh()	18	f
74	stopDefault()	18	f
72	preventDefault()	18	t
75	jQuery	19	t
76	Angular	19	f
77	Meteor	19	f
78	React	19	f
80	addListener();	20	f
81	onChange();	20	f
82	onClick();	20	f
79	addEventListener();	20	t
83	appendChild();	21	t
84	append();	21	f
85	appendElement();	21	f
86	appendToParent();	21	f
87	<html xmlns:th="http://www.thymeleaf.org">	22	t
88	<!DOCTYPE html>	22	f
89	<thymeleafTemplate/>	22	f
90	<meta xmlns:th="http://www.thymeleaf.org">	22	f
91	text=""	23	f
92	th:text=""	23	t
93	th:insert=""	23	f
94	th:replace=""	23	f
95	th:loop	24	f
96	th:each	24	t
97	th:for	24	f
98	th:while	24	f
99	th:object	25	t
100	th:properties	25	f
101	th:pojo	25	f
102	th:item	25	f
103	They must have a closing tag or self-closing	26	t
104	All tags must be left open.	26	f
105	None of the above	26	f
106	All tags must be in plain text.	26	f
107	@SpringBootApplication	27	t
108	@Boot	27	f
109	@SpringStarter	27	f
110	@RunTime	27	f
111	@PostMapping	28	t
112	@GetMapping	28	f
113	@Post	28	f
114	@Get	28	f
115	String	29	t
116	Integer	29	f
117	Java Object	29	f
118	Boolean	29	f
126	Holding sql queries	31	f
127	.py .pyc	32	t
128	.txt	32	f
129	.python	32	f
130	.run	32	f
131	print()	33	t
132	console()	33	f
133	log()	33	f
134	write()	33	f
135	def <functionName>():	34	t
136	function <functionName>(){}	34	f
137	def <functionName>(){}	34	f
138	method <functionName>(){}	34	f
140	Hash Map	35	f
141	Array List	35	f
142	Set	35	f
143	Linus Torvalds	36	f
144	Bill Gates	36	f
146	Thomas Edison	36	f
139	Dictionary	35	t
145	Guido van Rossum	36	t
148	@ComponentScan and @GetClass("<ClassName>")	3	f
149	@Class and @Property	3	f
150	@All	3	f
147	@Autowired and @Component	3	t
\.


--
-- Name: answers_id_seq; Type: SEQUENCE SET; Schema: public; Owner: josh
--

SELECT pg_catalog.setval('answers_id_seq', 150, true);


--
-- Data for Name: category; Type: TABLE DATA; Schema: public; Owner: josh
--

COPY category (id, category_type) FROM stdin;
1	Java
2	Html
3	Css
4	Python
5	Spring
6	Thymeleaf
7	JavaScript
\.


--
-- Name: category_id_seq; Type: SEQUENCE SET; Schema: public; Owner: josh
--

SELECT pg_catalog.setval('category_id_seq', 7, true);


--
-- Data for Name: currency; Type: TABLE DATA; Schema: public; Owner: josh
--

COPY currency (player_id, amount) FROM stdin;
1	0
11	0
8	8400
9	1200
6	1000
7	1000
2	89600
10	0
\.


--
-- Data for Name: game_session; Type: TABLE DATA; Schema: public; Owner: josh
--

COPY game_session (id, player_id, session_start, session_end) FROM stdin;
357	7	2017-04-19 22:23:51.373267	\N
358	2	2017-04-19 22:28:40.165033	\N
359	2	2017-04-19 22:30:21.245954	\N
360	2	2017-04-19 22:30:45.971932	\N
361	2	2017-04-19 22:32:06.397935	\N
362	8	2017-04-19 22:33:08.361151	\N
363	8	2017-04-19 22:38:19.465714	\N
364	8	2017-04-19 22:39:12.227564	\N
365	8	2017-04-19 22:39:18.644024	\N
366	8	2017-04-19 22:39:27.731998	\N
367	8	2017-04-19 22:39:38.210661	\N
368	8	2017-04-19 22:39:43.4801	\N
369	8	2017-04-19 22:40:06.822884	\N
370	8	2017-04-19 22:40:14.297592	\N
371	8	2017-04-19 22:40:27.752302	\N
372	8	2017-04-19 22:40:30.414253	\N
373	8	2017-04-19 22:40:58.363676	\N
374	8	2017-04-19 22:41:38.047032	\N
375	8	2017-04-19 22:41:44.520344	\N
376	8	2017-04-19 22:41:52.981085	\N
377	8	2017-04-19 22:42:01.438463	\N
378	8	2017-04-19 22:42:07.895548	\N
379	8	2017-04-19 22:42:20.38464	\N
380	8	2017-04-19 22:43:05.170474	\N
381	8	2017-04-19 22:43:17.052669	\N
382	8	2017-04-19 22:43:52.710918	\N
383	8	2017-04-19 22:44:20.307443	\N
384	8	2017-04-19 22:44:28.776462	\N
385	8	2017-04-19 22:45:02.421633	\N
386	8	2017-04-19 22:45:07.061817	\N
387	2	2017-04-19 22:46:41.740387	\N
388	8	2017-04-19 22:49:02.529676	\N
389	8	2017-04-19 22:49:11.003057	\N
390	8	2017-04-19 22:49:13.424554	\N
391	8	2017-04-19 22:49:15.848515	\N
392	8	2017-04-19 22:49:19.285155	\N
393	8	2017-04-19 22:49:27.724042	\N
394	8	2017-04-19 22:49:38.238478	\N
395	8	2017-04-19 22:49:42.881996	\N
396	8	2017-04-19 22:49:49.067352	\N
397	8	2017-04-19 22:50:06.601379	\N
398	8	2017-04-19 22:50:22.104397	\N
399	8	2017-04-19 22:50:35.594866	\N
400	8	2017-04-19 22:51:06.633957	\N
401	8	2017-04-19 22:51:08.617465	\N
402	8	2017-04-19 22:51:12.041501	\N
403	8	2017-04-19 22:51:20.542884	\N
404	8	2017-04-19 22:51:50.070308	\N
405	8	2017-04-19 22:51:56.519874	\N
406	8	2017-04-19 22:52:03.959675	\N
407	8	2017-04-19 22:52:11.408821	\N
408	8	2017-04-19 22:52:37.989477	\N
409	8	2017-04-19 22:52:40.398556	\N
410	8	2017-04-19 22:52:49.479078	\N
411	8	2017-04-19 22:52:55.9255	\N
412	8	2017-04-19 22:53:14.465461	\N
413	8	2017-04-19 22:53:33.006917	\N
414	8	2017-04-19 22:53:42.47625	\N
415	8	2017-04-19 22:53:54.01915	\N
416	8	2017-04-19 22:53:58.984111	\N
417	8	2017-04-19 22:54:17.531348	\N
418	8	2017-04-19 22:54:22.983933	\N
419	2	2017-04-19 22:54:34.277224	\N
420	8	2017-04-19 22:56:14.11221	\N
421	8	2017-04-19 22:56:20.565965	\N
422	8	2017-04-19 22:56:26.016719	\N
423	8	2017-04-19 22:56:31.44117	\N
424	8	2017-04-19 22:56:37.899238	\N
425	8	2017-04-19 22:56:45.342384	\N
426	8	2017-04-19 22:56:54.806925	\N
427	8	2017-04-19 22:57:01.245815	\N
428	8	2017-04-19 22:58:12.158219	\N
429	8	2017-04-19 22:58:34.834757	\N
430	8	2017-04-19 22:59:03.942938	\N
431	8	2017-04-19 22:59:13.415826	\N
432	8	2017-04-19 23:00:07.171933	\N
433	8	2017-04-19 23:01:04.954426	\N
434	8	2017-04-19 23:02:20.895972	\N
435	8	2017-04-19 23:02:24.328325	\N
436	8	2017-04-19 23:02:41.900869	\N
437	8	2017-04-19 23:03:04.396856	\N
438	8	2017-04-19 23:03:09.833269	\N
439	8	2017-04-19 23:03:21.304036	\N
440	8	2017-04-19 23:04:13.052244	\N
441	8	2017-04-19 23:04:18.500986	\N
442	8	2017-04-19 23:04:38.039423	\N
443	8	2017-04-19 23:04:45.501183	\N
444	8	2017-04-19 23:04:50.935449	\N
445	8	2017-04-19 23:05:00.397106	\N
446	8	2017-04-19 23:05:25.984494	\N
447	2	2017-04-19 23:05:27.35615	\N
448	8	2017-04-19 23:06:33.878843	\N
449	8	2017-04-19 23:06:45.35628	\N
450	8	2017-04-19 23:06:48.784727	\N
451	8	2017-04-19 23:07:35.503781	\N
452	2	2017-04-19 23:08:05.87671	\N
453	8	2017-04-19 23:08:45.496389	\N
454	2	2017-04-19 23:08:53.483053	\N
455	8	2017-04-19 23:09:17.079333	\N
456	8	2017-04-19 23:09:20.315108	\N
457	8	2017-04-19 23:09:39.627916	\N
458	8	2017-04-19 23:09:56.143225	\N
459	8	2017-04-19 23:10:42.844059	\N
460	8	2017-04-19 23:10:50.311399	\N
461	8	2017-04-19 23:10:57.755835	\N
462	8	2017-04-19 23:11:20.290856	\N
463	8	2017-04-19 23:11:23.027295	\N
464	8	2017-04-19 23:11:40.830171	\N
465	2	2017-04-19 23:12:14.089026	\N
466	8	2017-04-19 23:13:57.311243	\N
467	8	2017-04-19 23:14:00.731088	\N
468	2	2017-04-19 23:14:07.446365	\N
469	8	2017-04-19 23:14:37.433461	\N
470	2	2017-04-19 23:14:39.702347	\N
471	8	2017-04-19 23:16:44.724495	\N
472	8	2017-04-19 23:16:58.214529	\N
473	2	2017-04-19 23:16:59.797613	\N
474	2	2017-04-19 23:17:04.087926	\N
475	8	2017-04-19 23:17:31.87267	\N
476	8	2017-04-19 23:17:40.358514	\N
477	8	2017-04-19 23:18:57.329889	\N
478	8	2017-04-19 23:19:04.780486	\N
479	8	2017-04-19 23:19:34.349008	\N
480	8	2017-04-19 23:20:11.28689	\N
481	8	2017-04-19 23:20:13.420224	\N
482	8	2017-04-19 23:20:38.980866	\N
483	8	2017-04-19 23:20:48.443904	\N
484	8	2017-04-19 23:21:28.078035	\N
485	8	2017-04-19 23:21:31.506483	\N
486	8	2017-04-19 23:22:54.438046	\N
487	2	2017-04-19 23:23:10.658947	\N
488	8	2017-04-19 23:23:46.15416	\N
489	8	2017-04-19 23:23:51.589165	\N
490	8	2017-04-19 23:24:09.119683	\N
491	8	2017-04-19 23:24:13.558561	\N
492	8	2017-04-19 23:24:15.975127	\N
493	8	2017-04-19 23:24:18.375137	\N
494	8	2017-04-19 23:24:22.811511	\N
495	2	2017-04-19 23:24:25.53934	\N
496	2	2017-04-19 23:24:29.534457	\N
497	8	2017-04-19 23:24:41.347249	\N
498	2	2017-04-19 23:24:41.6638	\N
499	8	2017-04-19 23:25:09.922428	\N
500	2	2017-04-19 23:25:10.397675	\N
501	2	2017-04-19 23:25:13.484612	\N
502	8	2017-04-19 23:25:39.52044	\N
503	8	2017-04-19 23:26:28.275075	\N
504	8	2017-04-19 23:26:31.687155	\N
505	8	2017-04-19 23:26:58.242811	\N
506	8	2017-04-19 23:27:01.682256	\N
507	2	2017-04-19 23:27:08.131734	\N
508	2	2017-04-19 23:27:10.816201	\N
509	8	2017-04-19 23:27:29.345477	\N
510	2	2017-04-19 23:27:39.937833	\N
511	8	2017-04-19 23:27:59.911299	\N
512	8	2017-04-19 23:28:01.340527	\N
513	2	2017-04-19 23:28:02.424106	\N
514	8	2017-04-19 23:28:52.171553	\N
515	8	2017-04-19 23:28:59.538708	\N
516	2	2017-04-19 23:29:02.789083	\N
517	8	2017-04-19 23:29:12.036746	\N
518	2	2017-04-19 23:29:13.081665	\N
519	8	2017-04-19 23:29:24.51891	\N
520	2	2017-04-19 23:29:25.742597	\N
521	8	2017-04-19 23:29:35.041787	\N
522	2	2017-04-19 23:29:37.659501	\N
523	8	2017-04-19 23:29:47.498467	\N
524	2	2017-04-19 23:29:49.946962	\N
525	8	2017-04-19 23:30:46.32208	\N
526	8	2017-04-19 23:31:01.816352	\N
527	8	2017-04-19 23:31:26.433346	\N
528	8	2017-04-19 23:31:55.980309	\N
529	8	2017-04-19 23:31:57.385149	\N
530	8	2017-04-19 23:32:08.872434	\N
531	8	2017-04-19 23:32:13.295481	\N
532	2	2017-04-19 23:32:16.287496	\N
533	8	2017-04-19 23:33:15.11366	\N
534	8	2017-04-19 23:33:20.550212	\N
535	2	2017-04-19 23:33:25.614893	\N
536	8	2017-04-19 23:36:04.022425	\N
537	8	2017-04-19 23:36:06.440976	\N
538	2	2017-04-19 23:36:09.671211	\N
539	8	2017-04-19 23:38:28.779555	\N
540	8	2017-04-19 23:38:31.200425	\N
541	8	2017-04-19 23:39:45.08878	\N
542	8	2017-04-19 23:39:56.591996	\N
543	8	2017-04-19 23:40:12.107585	\N
544	8	2017-04-19 23:40:32.622396	\N
545	8	2017-04-19 23:40:48.142091	\N
546	8	2017-04-19 23:40:56.596849	\N
547	8	2017-04-19 23:41:17.157441	\N
548	8	2017-04-19 23:41:19.563224	\N
549	8	2017-04-19 23:41:41.126994	\N
550	8	2017-04-19 23:41:56.83155	\N
551	8	2017-04-19 23:43:22.969103	\N
552	8	2017-04-19 23:43:41.342601	\N
553	8	2017-04-19 23:43:43.533853	\N
554	2	2017-04-19 23:44:01.009603	\N
555	8	2017-04-19 23:44:51.228475	\N
556	8	2017-04-19 23:45:03.715963	\N
557	8	2017-04-19 23:45:10.156316	\N
558	2	2017-04-19 23:45:11.871888	\N
559	2	2017-04-19 23:45:34.905689	\N
560	8	2017-04-19 23:45:44.878932	\N
561	8	2017-04-19 23:45:50.504077	\N
562	8	2017-04-19 23:46:07.727406	\N
563	8	2017-04-19 23:46:18.18484	\N
564	8	2017-04-19 23:46:26.679148	\N
565	8	2017-04-19 23:46:34.119586	\N
566	8	2017-04-19 23:46:36.519638	\N
567	2	2017-04-19 23:46:38.189356	\N
568	8	2017-04-19 23:48:49.923883	\N
569	8	2017-04-19 23:48:55.346362	\N
570	2	2017-04-19 23:48:58.376166	\N
571	8	2017-04-19 23:49:13.884701	\N
572	2	2017-04-19 23:49:16.706946	\N
573	8	2017-04-19 23:53:51.028741	\N
574	8	2017-04-19 23:53:54.454113	\N
575	8	2017-04-19 23:54:03.911543	\N
576	8	2017-04-19 23:54:07.048895	\N
577	2	2017-04-19 23:54:15.993551	\N
578	8	2017-04-19 23:54:41.57361	\N
579	8	2017-04-19 23:55:17.203795	\N
580	8	2017-04-19 23:55:27.660055	\N
581	8	2017-04-19 23:55:35.098094	\N
582	8	2017-04-19 23:55:39.525474	\N
583	8	2017-04-19 23:55:40.145787	\N
584	8	2017-04-19 23:56:08.147216	\N
585	8	2017-04-19 23:56:10.459139	\N
586	8	2017-04-19 23:56:10.565953	\N
587	8	2017-04-19 23:56:41.181104	\N
588	8	2017-04-19 23:56:45.616878	\N
589	8	2017-04-19 23:56:48.03674	\N
590	8	2017-04-19 23:57:11.608962	\N
591	8	2017-04-19 23:57:18.454513	\N
592	8	2017-04-19 23:57:23.889328	\N
593	8	2017-04-19 23:57:41.415569	\N
594	8	2017-04-19 23:57:47.850917	\N
595	8	2017-04-19 23:57:51.864787	\N
596	8	2017-04-19 23:58:29.54397	\N
597	8	2017-04-19 23:58:31.955858	\N
598	8	2017-04-19 23:58:45.471459	\N
599	8	2017-04-19 23:58:48.457866	\N
600	8	2017-04-19 23:59:21.092707	\N
601	8	2017-04-19 23:59:25.521171	\N
602	8	2017-04-19 23:59:27.573949	\N
603	8	2017-04-20 00:00:54.536798	\N
604	8	2017-04-20 00:00:57.965315	\N
605	8	2017-04-20 00:01:21.104416	\N
606	8	2017-04-20 00:01:30.082535	\N
607	8	2017-04-20 00:02:04.79285	\N
608	8	2017-04-20 00:02:07.202901	\N
609	8	2017-04-20 00:02:11.157667	\N
610	8	2017-04-20 00:02:42.828641	\N
611	8	2017-04-20 00:02:55.313526	\N
612	8	2017-04-20 00:03:00.759029	\N
613	8	2017-04-20 00:03:07.208789	\N
614	8	2017-04-20 00:03:12.639706	\N
615	8	2017-04-20 00:03:31.167995	\N
616	8	2017-04-20 00:03:31.512799	\N
617	8	2017-04-20 00:04:57.123075	\N
618	8	2017-04-20 00:05:06.594673	\N
619	8	2017-04-20 00:05:40.255131	\N
620	8	2017-04-20 00:05:42.866445	\N
621	8	2017-04-20 00:06:15.879055	\N
622	8	2017-04-20 00:06:20.319657	\N
623	8	2017-04-20 00:06:23.871512	\N
624	8	2017-04-20 00:06:35.998112	\N
625	8	2017-04-20 00:07:03.013116	\N
626	8	2017-04-20 00:07:06.363925	\N
627	8	2017-04-20 00:07:06.442637	\N
628	8	2017-04-20 00:08:05.228555	\N
629	8	2017-04-20 00:08:27.769603	\N
630	8	2017-04-20 00:08:32.202477	\N
631	8	2017-04-20 00:08:32.918654	\N
632	8	2017-04-20 00:09:20.936876	\N
633	8	2017-04-20 00:09:21.184682	\N
634	8	2017-04-20 00:09:44.487565	\N
635	8	2017-04-20 00:09:46.635515	\N
636	8	2017-04-20 00:11:08.473992	\N
637	8	2017-04-20 00:11:08.851346	\N
638	8	2017-04-20 00:11:23.981116	\N
639	8	2017-04-20 00:11:26.9497	\N
640	8	2017-04-20 00:11:37.477574	\N
641	8	2017-04-20 00:11:37.733544	\N
642	8	2017-04-20 00:11:48.957331	\N
643	8	2017-04-20 00:12:06.465388	\N
644	8	2017-04-20 00:12:09.8898	\N
645	8	2017-04-20 00:12:20.352972	\N
646	8	2017-04-20 00:12:44.92582	\N
647	8	2017-04-20 00:12:47.335377	\N
648	8	2017-04-20 00:12:51.79111	\N
649	8	2017-04-20 00:13:19.320234	\N
650	8	2017-04-20 00:13:25.763815	\N
651	8	2017-04-20 00:13:30.204836	\N
652	8	2017-04-20 00:13:32.615944	\N
653	8	2017-04-20 00:13:32.804684	\N
654	8	2017-04-20 00:13:50.149247	\N
655	8	2017-04-20 00:13:50.284064	\N
656	8	2017-04-20 00:14:05.645444	\N
657	8	2017-04-20 00:14:06.550451	\N
658	2	2017-04-20 00:14:14.417531	\N
659	2	2017-04-20 00:14:30.299582	\N
660	8	2017-04-20 00:15:06.493176	\N
661	2	2017-04-20 00:15:08.086597	\N
662	2	2017-04-20 00:15:18.22369	\N
663	8	2017-04-20 00:15:30.054691	\N
664	8	2017-04-20 00:15:34.483294	\N
665	2	2017-04-20 00:15:34.557923	\N
666	8	2017-04-20 00:16:47.610128	\N
667	8	2017-04-20 00:16:53.875177	\N
668	8	2017-04-20 00:17:05.341128	\N
669	8	2017-04-20 00:17:09.779122	\N
670	8	2017-04-20 00:17:17.242244	\N
671	2	2017-04-20 00:17:19.235249	\N
672	8	2017-04-20 00:17:47.852422	\N
673	2	2017-04-20 00:17:51.825427	\N
674	8	2017-04-20 00:18:23.487928	\N
675	8	2017-04-20 00:18:26.912798	\N
676	2	2017-04-20 00:18:30.8399	\N
677	8	2017-04-20 00:18:45.569831	\N
678	2	2017-04-20 00:18:50.5009	\N
679	8	2017-04-20 00:18:50.893388	\N
680	8	2017-04-20 00:19:12.418807	\N
681	8	2017-04-20 00:19:15.843123	\N
682	8	2017-04-20 00:19:52.496054	\N
683	8	2017-04-20 00:20:14.069637	\N
684	2	2017-04-20 00:26:25.204262	\N
685	2	2017-04-20 00:48:35.724393	\N
686	9	2017-04-20 00:48:55.27999	\N
687	2	2017-04-20 07:59:38.871717	\N
688	2	2017-04-20 08:01:37.704548	\N
689	2	2017-04-20 08:02:02.379072	\N
690	2	2017-04-20 08:02:13.220142	\N
691	2	2017-04-20 08:02:30.200589	\N
692	2	2017-04-20 08:03:27.927288	\N
693	2	2017-04-20 08:03:38.62177	\N
694	2	2017-04-20 08:04:54.651744	\N
695	2	2017-04-20 08:05:48.790147	\N
696	2	2017-04-20 08:07:23.082742	\N
697	2	2017-04-20 08:08:05.193726	\N
698	2	2017-04-20 08:08:23.76829	\N
699	2	2017-04-20 08:08:32.528537	\N
700	2	2017-04-20 08:08:49.23616	\N
701	2	2017-04-20 08:09:32.264256	\N
702	2	2017-04-20 08:09:44.770162	\N
703	2	2017-04-20 08:14:49.97883	\N
704	2	2017-04-20 08:16:14.749701	\N
705	2	2017-04-20 09:23:07.010396	\N
706	2	2017-04-20 09:25:04.554999	\N
707	2	2017-04-20 09:25:16.036633	\N
708	2	2017-04-20 09:26:16.842352	\N
709	2	2017-04-20 09:26:21.279112	\N
710	2	2017-04-20 09:26:26.710963	\N
711	2	2017-04-20 09:26:32.152716	\N
712	2	2017-04-20 09:26:35.577138	\N
713	2	2017-04-20 09:26:45.042641	\N
714	2	2017-04-20 09:26:47.351445	\N
715	2	2017-04-20 09:26:56.035515	\N
716	2	2017-04-20 09:27:44.817333	\N
717	2	2017-04-20 09:27:47.229029	\N
718	2	2017-04-20 09:30:34.820788	\N
719	2	2017-04-20 09:30:39.238486	\N
720	2	2017-04-20 09:30:48.711388	\N
721	2	2017-04-20 09:30:53.138147	\N
722	2	2017-04-20 09:30:57.574834	\N
723	2	2017-04-20 09:31:00.996211	\N
724	2	2017-04-20 09:31:03.414143	\N
725	2	2017-04-20 09:31:18.930956	\N
726	2	2017-04-20 09:31:32.440087	\N
727	2	2017-04-20 09:31:37.874373	\N
728	2	2017-04-20 09:31:41.306045	\N
729	2	2017-04-20 09:31:44.738821	\N
730	2	2017-04-20 09:31:53.414031	\N
732	2	2017-04-20 09:32:55.993501	\N
733	2	2017-04-20 09:34:04.143421	\N
734	2	2017-04-20 09:34:54.869251	\N
735	2	2017-04-20 09:35:02.336998	\N
736	2	2017-04-20 09:35:08.774096	\N
737	2	2017-04-20 09:35:12.200365	\N
738	2	2017-04-20 09:35:49.862313	\N
739	2	2017-04-20 09:36:13.433833	\N
740	2	2017-04-20 09:36:20.296366	\N
741	2	2017-04-20 09:36:37.810325	\N
742	2	2017-04-20 09:36:58.379729	\N
743	2	2017-04-20 09:37:01.780482	\N
744	2	2017-04-20 09:37:13.281756	\N
745	2	2017-04-20 09:37:39.871325	\N
746	2	2017-04-20 09:38:12.502434	\N
747	2	2017-04-20 09:38:30.020099	\N
748	2	2017-04-20 09:38:51.570537	\N
749	2	2017-04-20 09:38:57.008187	\N
750	2	2017-04-20 09:39:36.666802	\N
751	2	2017-04-20 09:40:22.407936	\N
752	2	2017-04-20 09:41:12.118312	\N
753	2	2017-04-20 09:41:26.627537	\N
754	2	2017-04-20 09:41:32.066913	\N
755	2	2017-04-20 09:41:36.50945	\N
756	2	2017-04-20 09:41:43.95227	\N
757	2	2017-04-20 09:45:46.111188	\N
758	2	2017-04-20 09:45:50.542043	\N
759	2	2017-04-20 09:45:52.961446	\N
760	2	2017-04-20 09:46:01.43269	\N
761	2	2017-04-20 09:46:04.866496	\N
762	2	2017-04-20 09:47:33.865276	\N
763	2	2017-04-20 09:47:36.2812	\N
764	2	2017-04-20 09:47:43.737442	\N
765	2	2017-04-20 09:47:48.168728	\N
766	2	2017-04-20 09:48:57.05044	\N
767	2	2017-04-20 09:49:06.513303	\N
768	2	2017-04-20 09:49:08.931323	\N
769	2	2017-04-20 09:49:11.359175	\N
770	2	2017-04-20 09:49:28.872365	\N
771	2	2017-04-20 09:49:31.287879	\N
772	2	2017-04-20 09:49:34.71969	\N
773	2	2017-04-20 09:51:18.657337	\N
774	2	2017-04-20 09:52:57.307311	\N
775	2	2017-04-20 09:53:05.78487	\N
776	2	2017-04-20 09:53:20.607801	\N
777	2	2017-04-20 09:54:35.782689	\N
778	2	2017-04-20 09:55:22.497762	\N
779	2	2017-04-20 09:55:31.964501	\N
780	2	2017-04-20 09:55:40.420102	\N
781	2	2017-04-20 09:55:47.872505	\N
782	2	2017-04-20 09:56:00.357351	\N
783	2	2017-04-20 09:56:01.773299	\N
784	2	2017-04-20 09:58:38.129532	\N
785	2	2017-04-20 09:59:24.854025	\N
786	2	2017-04-20 09:59:29.996863	\N
787	2	2017-04-20 09:59:39.030123	\N
788	2	2017-04-20 10:00:08.546914	\N
789	2	2017-04-20 10:00:30.101793	\N
790	2	2017-04-20 10:00:36.545163	\N
791	2	2017-04-20 10:00:41.985919	\N
792	2	2017-04-20 10:00:51.455492	\N
793	2	2017-04-20 10:01:20.067649	\N
794	2	2017-04-20 10:01:41.598122	\N
795	2	2017-04-20 10:02:01.145264	\N
796	2	2017-04-20 10:02:03.569755	\N
797	2	2017-04-20 10:02:12.026246	\N
798	2	2017-04-20 10:02:18.475336	\N
799	2	2017-04-20 10:03:54.511877	\N
800	2	2017-04-20 10:03:55.923866	\N
801	2	2017-04-20 10:03:58.335602	\N
802	2	2017-04-20 10:04:15.885787	\N
803	2	2017-04-20 10:05:19.717715	\N
804	2	2017-04-20 10:05:43.294907	\N
805	2	2017-04-20 10:05:46.72214	\N
806	2	2017-04-20 10:05:59.227426	\N
807	2	2017-04-20 10:06:03.653214	\N
808	2	2017-04-20 10:06:09.09606	\N
809	2	2017-04-20 10:06:16.538025	\N
810	2	2017-04-20 10:06:56.6141	\N
811	10	2017-04-20 10:07:16.988851	\N
812	10	2017-04-20 10:10:17.656619	\N
813	10	2017-04-20 10:12:24.845488	\N
814	10	2017-04-20 10:12:48.076168	\N
815	10	2017-04-20 10:16:35.111548	\N
816	10	2017-04-20 10:23:54.565151	\N
817	10	2017-04-20 10:24:34.248274	\N
818	10	2017-04-20 10:24:35.658543	\N
819	10	2017-04-20 10:24:42.105443	\N
820	10	2017-04-20 10:24:46.54063	\N
821	10	2017-04-20 10:24:49.977723	\N
822	10	2017-04-20 10:25:00.444836	\N
823	10	2017-04-20 10:25:05.872933	\N
824	10	2017-04-20 10:25:22.404781	\N
825	10	2017-04-20 10:25:25.832983	\N
826	10	2017-04-20 10:25:30.268333	\N
827	10	2017-04-20 10:25:40.739808	\N
828	10	2017-04-20 10:25:46.177145	\N
829	10	2017-04-20 10:25:48.584039	\N
830	10	2017-04-20 10:25:59.069568	\N
831	10	2017-04-20 10:26:03.512984	\N
832	10	2017-04-20 10:26:09.957821	\N
833	10	2017-04-20 10:26:15.383691	\N
834	10	2017-04-20 10:26:31.894724	\N
835	10	2017-04-20 10:26:38.346551	\N
836	10	2017-04-20 10:28:08.310265	\N
837	10	2017-04-20 10:28:13.750614	\N
838	10	2017-04-20 10:29:07.519626	\N
839	10	2017-04-20 10:29:13.959004	\N
840	10	2017-04-20 10:29:28.445002	\N
841	10	2017-04-20 10:30:18.188723	\N
842	10	2017-04-20 10:31:08.955224	\N
843	10	2017-04-20 10:31:20.442963	\N
844	10	2017-04-20 10:31:26.88814	\N
845	10	2017-04-20 10:31:42.388626	\N
846	10	2017-04-20 10:31:48.849807	\N
847	10	2017-04-20 10:31:59.320037	\N
848	10	2017-04-20 10:32:01.739714	\N
849	10	2017-04-20 10:32:07.180877	\N
850	10	2017-04-20 10:32:09.595747	\N
851	10	2017-04-20 10:32:15.0349	\N
852	10	2017-04-20 10:32:18.463171	\N
853	10	2017-04-20 10:32:31.948183	\N
854	10	2017-04-20 10:32:33.942578	\N
855	10	2017-04-20 10:33:29.727505	\N
856	10	2017-04-20 10:33:34.144519	\N
857	10	2017-04-20 10:33:41.980447	\N
858	10	2017-04-20 10:35:23.672297	\N
859	10	2017-04-20 10:36:30.518287	\N
860	10	2017-04-20 10:36:51.056963	\N
861	10	2017-04-20 10:36:59.519661	\N
862	10	2017-04-20 10:37:26.10593	\N
863	10	2017-04-20 10:37:33.548952	\N
864	10	2017-04-20 10:37:40.002969	\N
865	10	2017-04-20 10:37:43.415665	\N
866	10	2017-04-20 10:37:47.846702	\N
867	10	2017-04-20 10:37:50.266995	\N
868	10	2017-04-20 10:37:58.722256	\N
869	10	2017-04-20 10:38:02.150629	\N
870	10	2017-04-20 10:38:16.650075	\N
871	10	2017-04-20 10:38:28.129759	\N
872	10	2017-04-20 10:39:02.763569	\N
873	10	2017-04-20 10:39:21.323813	\N
874	10	2017-04-20 10:39:24.755722	\N
875	10	2017-04-20 10:39:29.180263	\N
876	10	2017-04-20 10:39:34.615375	\N
877	10	2017-04-20 10:39:41.052247	\N
878	10	2017-04-20 10:39:45.48674	\N
879	10	2017-04-20 10:39:47.898806	\N
880	10	2017-04-20 10:39:53.339456	\N
881	10	2017-04-20 10:39:55.758946	\N
882	10	2017-04-20 10:40:11.266987	\N
883	10	2017-04-20 10:40:13.691888	\N
884	10	2017-04-20 10:40:18.122271	\N
885	10	2017-04-20 10:40:20.541764	\N
886	10	2017-04-20 10:40:26.988691	\N
887	10	2017-04-20 10:40:29.408789	\N
888	10	2017-04-20 10:40:34.851101	\N
889	10	2017-04-20 10:40:45.340947	\N
890	10	2017-04-20 10:40:49.406806	\N
891	10	2017-04-20 10:41:21.011532	\N
892	10	2017-04-20 10:41:29.489478	\N
893	10	2017-04-20 10:41:32.899116	\N
894	10	2017-04-20 10:42:10.575556	\N
895	10	2017-04-20 10:42:12.99318	\N
896	10	2017-04-20 10:42:16.419624	\N
897	10	2017-04-20 10:42:20.841818	\N
898	10	2017-04-20 10:42:26.287885	\N
899	10	2017-04-20 10:42:48.445671	\N
900	10	2017-04-20 10:47:56.824309	\N
901	10	2017-04-20 10:48:03.269923	\N
902	10	2017-04-20 10:48:23.821263	\N
903	10	2017-04-20 10:48:27.250799	\N
904	10	2017-04-20 10:48:33.691493	\N
905	10	2017-04-20 10:49:14.360581	\N
906	10	2017-04-20 10:49:17.79487	\N
907	10	2017-04-20 10:49:21.221542	\N
908	10	2017-04-20 10:49:30.546402	\N
909	10	2017-04-20 10:49:55.874973	\N
910	10	2017-04-20 10:51:58.064849	\N
911	10	2017-04-20 10:52:01.467586	\N
912	10	2017-04-20 10:52:22.66304	\N
913	10	2017-04-20 10:52:24.888298	\N
914	10	2017-04-20 10:52:56.809911	\N
915	10	2017-04-20 10:53:27.765385	\N
916	10	2017-04-20 10:53:53.082689	\N
917	10	2017-04-20 10:53:56.60985	\N
918	10	2017-04-20 10:54:46.860788	\N
919	10	2017-04-20 10:54:52.306303	\N
920	10	2017-04-20 10:55:21.890679	\N
921	10	2017-04-20 10:55:27.328196	\N
922	10	2017-04-20 10:56:23.12825	\N
923	10	2017-04-20 10:56:42.679908	\N
924	10	2017-04-20 10:56:46.091166	\N
925	10	2017-04-20 10:56:56.570427	\N
926	10	2017-04-20 10:56:57.997466	\N
927	10	2017-04-20 10:59:34.459018	\N
928	10	2017-04-20 10:59:44.927041	\N
929	10	2017-04-20 10:59:50.368835	\N
930	10	2017-04-20 10:59:52.7938	\N
931	10	2017-04-20 11:03:08.387608	\N
932	10	2017-04-20 11:03:17.86345	\N
933	10	2017-04-20 11:03:23.301577	\N
934	10	2017-04-20 11:03:25.723606	\N
935	10	2017-04-20 11:03:29.155324	\N
936	10	2017-04-20 11:03:34.611381	\N
937	10	2017-04-20 11:05:03.252589	\N
938	10	2017-04-20 11:05:06.674427	\N
939	10	2017-04-20 11:05:12.122913	\N
940	10	2017-04-20 11:05:14.548461	\N
941	10	2017-04-20 11:05:21.999326	\N
942	10	2017-04-20 11:05:24.458325	\N
943	10	2017-04-20 11:06:37.316523	\N
944	10	2017-04-20 11:06:51.742845	\N
945	10	2017-04-20 11:09:41.234767	\N
946	10	2017-04-20 11:10:02.80716	\N
947	10	2017-04-20 11:10:07.232195	\N
948	10	2017-04-20 11:11:18.140605	\N
949	10	2017-04-20 11:11:54.786764	\N
950	10	2017-04-20 11:13:27.811321	\N
951	10	2017-04-20 11:13:48.3658	\N
952	10	2017-04-20 11:13:50.778266	\N
953	10	2017-04-20 11:13:54.219744	\N
954	10	2017-04-20 11:15:50.433021	\N
955	10	2017-04-20 11:15:57.891326	\N
956	10	2017-04-20 11:16:05.340094	\N
957	10	2017-04-20 11:16:23.868716	\N
958	10	2017-04-20 11:16:31.314442	\N
959	10	2017-04-20 11:16:37.755111	\N
960	10	2017-04-20 11:16:56.290675	\N
961	10	2017-04-20 11:17:15.826187	\N
962	10	2017-04-20 11:17:18.251878	\N
963	10	2017-04-20 11:17:24.700231	\N
964	10	2017-04-20 11:17:34.169263	\N
965	10	2017-04-20 11:17:57.742181	\N
966	10	2017-04-20 11:18:15.072693	\N
967	10	2017-04-20 11:19:31.818346	\N
968	10	2017-04-20 11:19:38.294245	\N
969	10	2017-04-20 11:20:01.844162	\N
970	10	2017-04-20 11:20:05.276988	\N
971	10	2017-04-20 11:20:08.701551	\N
972	10	2017-04-20 11:20:12.13475	\N
973	10	2017-04-20 11:20:15.562554	\N
974	10	2017-04-20 11:20:24.02393	\N
975	10	2017-04-20 11:20:27.446343	\N
976	10	2017-04-20 11:21:07.489662	\N
977	10	2017-04-20 11:21:13.729599	\N
978	10	2017-04-20 11:21:16.143948	\N
979	10	2017-04-20 11:21:23.599213	\N
980	10	2017-04-20 11:21:34.101938	\N
981	10	2017-04-20 11:22:32.47578	\N
982	10	2017-04-20 11:23:29.144675	\N
983	10	2017-04-20 11:23:50.376603	\N
984	10	2017-04-20 11:26:33.8738	\N
985	10	2017-04-20 11:26:46.357187	\N
986	10	2017-04-20 11:26:57.849189	\N
987	10	2017-04-20 11:27:00.272907	\N
988	10	2017-04-20 11:27:16.805648	\N
989	10	2017-04-20 11:27:27.295507	\N
990	10	2017-04-20 11:27:36.74904	\N
991	10	2017-04-20 11:27:50.258205	\N
992	10	2017-04-20 11:28:35.015846	\N
993	10	2017-04-20 11:28:53.564863	\N
994	10	2017-04-20 11:29:05.044124	\N
995	10	2017-04-20 11:29:10.487818	\N
996	10	2017-04-20 11:29:13.915922	\N
997	10	2017-04-20 11:29:19.359816	\N
998	10	2017-04-20 11:29:21.775645	\N
999	10	2017-04-20 11:29:24.19937	\N
1000	10	2017-04-20 11:30:21.021011	\N
1001	10	2017-04-20 11:30:32.507467	\N
1002	10	2017-04-20 11:30:37.940412	\N
1003	10	2017-04-20 11:30:41.368165	\N
1004	10	2017-04-20 11:30:49.829244	\N
1005	10	2017-04-20 11:30:54.249351	\N
1006	10	2017-04-20 11:31:09.764664	\N
1007	10	2017-04-20 11:31:16.205373	\N
1008	10	2017-04-20 11:31:30.729303	\N
1009	10	2017-04-20 11:31:50.270544	\N
1010	10	2017-04-20 11:31:58.720032	\N
1011	10	2017-04-20 11:37:50.274027	\N
1012	10	2017-04-20 11:38:54.102262	\N
1013	10	2017-04-20 11:39:55.919889	\N
1014	10	2017-04-20 11:40:12.423473	\N
1015	10	2017-04-20 11:40:14.838684	\N
1016	10	2017-04-20 11:40:52.466213	\N
1017	10	2017-04-20 11:40:54.878785	\N
1018	10	2017-04-20 11:41:08.362912	\N
1019	10	2017-04-20 11:41:11.781177	\N
1020	10	2017-04-20 11:41:21.264688	\N
1021	10	2017-04-20 11:41:23.678276	\N
1022	10	2017-04-20 11:41:28.107213	\N
1023	10	2017-04-20 11:41:34.549648	\N
1024	10	2017-04-20 11:41:39.981202	\N
1025	10	2017-04-20 11:41:44.425052	\N
1026	10	2017-04-20 11:41:58.925866	\N
1027	10	2017-04-20 11:42:09.406751	\N
1028	10	2017-04-20 11:42:20.882203	\N
1029	10	2017-04-20 11:42:26.336934	\N
1030	10	2017-04-20 11:42:32.77856	\N
1031	10	2017-04-20 11:42:47.71683	\N
1032	10	2017-04-20 11:43:12.440932	\N
1033	10	2017-04-20 11:43:16.096127	\N
1034	10	2017-04-20 11:44:08.231866	\N
1035	10	2017-04-20 11:44:11.661542	\N
1036	10	2017-04-20 11:44:14.062284	\N
1037	10	2017-04-20 11:44:15.482193	\N
1038	10	2017-04-20 11:44:18.908809	\N
1039	10	2017-04-20 11:44:36.429879	\N
1040	10	2017-04-20 11:44:43.819167	\N
1041	11	2017-04-20 11:45:24.340748	\N
1042	11	2017-04-20 11:46:28.534168	\N
1043	11	2017-04-20 11:46:31.928893	\N
1044	11	2017-04-20 11:46:36.368872	\N
1045	11	2017-04-20 11:46:42.786916	\N
1046	11	2017-04-20 11:46:42.822939	\N
1047	11	2017-04-20 11:47:50.635606	\N
1048	11	2017-04-20 11:47:55.071055	\N
1049	11	2017-04-20 11:48:12.597738	\N
1050	11	2017-04-20 11:48:21.057421	\N
1051	11	2017-04-20 11:48:30.909585	\N
1052	11	2017-04-20 11:48:34.341978	\N
1053	11	2017-04-20 11:48:37.766873	\N
1054	11	2017-04-20 11:48:54.272027	\N
1055	11	2017-04-20 11:49:01.932135	\N
1056	11	2017-04-20 11:49:45.978119	\N
1057	11	2017-04-20 11:49:50.816448	\N
1058	11	2017-04-20 11:49:56.251654	\N
1059	11	2017-04-20 11:49:59.257291	\N
1060	2	2017-04-20 11:50:12.667557	\N
1061	2	2017-04-20 11:50:37.936897	\N
1062	2	2017-04-20 11:50:59.518492	\N
1063	2	2017-04-20 11:51:48.203334	\N
1064	2	2017-04-20 11:51:53.641594	\N
1065	2	2017-04-20 11:52:11.165868	\N
1066	2	2017-04-20 11:52:59.87501	\N
1067	2	2017-04-20 11:59:19.888881	\N
1068	2	2017-04-20 11:59:33.391104	\N
1069	2	2017-04-20 11:59:52.917185	\N
1070	2	2017-04-20 12:00:18.516736	\N
1071	2	2017-04-20 12:00:26.96681	\N
1072	2	2017-04-20 12:00:52.575586	\N
1073	2	2017-04-20 12:01:05.339525	\N
1074	2	2017-04-20 12:01:18.575723	\N
1075	2	2017-04-20 12:01:21.360161	\N
1076	2	2017-04-20 12:01:28.388239	\N
1077	2	2017-04-20 12:01:50.381841	\N
1078	2	2017-04-20 12:05:49.789286	\N
1079	2	2017-04-20 12:06:12.566941	\N
1080	2	2017-04-20 12:08:58.485181	\N
1081	2	2017-04-20 12:13:17.573	\N
1082	2	2017-04-20 12:13:19.986038	\N
1083	2	2017-04-20 12:13:22.399942	\N
1084	2	2017-04-20 12:13:31.884019	\N
1085	2	2017-04-20 12:13:36.293631	\N
1086	2	2017-04-20 12:13:38.711807	\N
1087	2	2017-04-20 12:13:42.137381	\N
1088	2	2017-04-20 12:13:48.576512	\N
1089	2	2017-04-20 12:14:04.079751	\N
1090	2	2017-04-20 12:14:19.579585	\N
1091	2	2017-04-20 12:14:28.04516	\N
1092	2	2017-04-20 12:14:35.479499	\N
1093	2	2017-04-20 12:14:42.931651	\N
1094	2	2017-04-20 12:27:42.769133	\N
1095	2	2017-04-20 12:28:15.651253	\N
1096	2	2017-04-20 12:28:37.206435	\N
1097	2	2017-04-20 12:28:40.634124	\N
1098	2	2017-04-20 12:28:43.061687	\N
1099	2	2017-04-20 12:28:45.475073	\N
1100	2	2017-04-20 12:30:26.53289	\N
1101	2	2017-04-20 12:31:00.086685	\N
1102	2	2017-04-20 12:32:18.433377	\N
1103	2	2017-04-20 12:32:21.871412	\N
1104	2	2017-04-20 12:33:57.966534	\N
1105	2	2017-04-20 12:33:58.017924	\N
1106	2	2017-04-20 12:34:59.821556	\N
1107	2	2017-04-20 12:35:36.458504	\N
1108	2	2017-04-20 12:35:43.909312	\N
1109	2	2017-04-20 12:35:48.34918	\N
1110	2	2017-04-20 12:36:00.847069	\N
1111	2	2017-04-20 12:36:08.304225	\N
1112	2	2017-04-20 12:36:13.74656	\N
1113	2	2017-04-20 12:36:23.294191	\N
1114	2	2017-04-20 12:36:26.635635	\N
1115	2	2017-04-20 12:37:17.444406	\N
1116	2	2017-04-20 12:37:24.897556	\N
1117	2	2017-04-20 12:38:50.936511	\N
1118	2	2017-04-20 12:38:56.266819	\N
1119	2	2017-04-20 12:39:49.148419	\N
1120	2	2017-04-20 12:40:41.935423	\N
1121	2	2017-04-20 12:40:55.438085	\N
1122	2	2017-04-20 12:42:22.436403	\N
1123	2	2017-04-20 12:42:25.851429	\N
1124	2	2017-04-20 12:42:43.371334	\N
1125	2	2017-04-20 12:42:53.985034	\N
1126	2	2017-04-20 12:44:18.423247	\N
1127	2	2017-04-20 12:44:27.903267	\N
1128	2	2017-04-20 12:44:37.361201	\N
1129	2	2017-04-20 12:45:31.137831	\N
1130	2	2017-04-20 12:46:31.959996	\N
1131	2	2017-04-20 12:46:37.397329	\N
1132	2	2017-04-20 12:46:56.939156	\N
1133	2	2017-04-20 12:47:06.397719	\N
1134	2	2017-04-20 12:47:08.818298	\N
1135	2	2017-04-20 12:47:11.223172	\N
1136	2	2017-04-20 12:47:18.862952	\N
1137	2	2017-04-20 12:47:42.85575	\N
1138	2	2017-04-20 12:47:49.298641	\N
1139	2	2017-04-20 12:47:52.717094	\N
1140	2	2017-04-20 12:47:58.164351	\N
1141	2	2017-04-20 12:48:09.649574	\N
1142	2	2017-04-20 12:48:21.121282	\N
1143	2	2017-04-20 12:48:26.57252	\N
1144	2	2017-04-20 13:13:38.263571	\N
1145	2	2017-04-20 13:13:45.695038	\N
1146	2	2017-04-20 13:13:48.120523	\N
1147	2	2017-04-20 13:13:53.548256	\N
1148	2	2017-04-20 13:13:55.967789	\N
1149	2	2017-04-20 13:14:24.587229	\N
1150	2	2017-04-20 13:14:28.012859	\N
1151	2	2017-04-20 13:14:42.511358	\N
1152	2	2017-04-20 13:15:32.268027	\N
1153	2	2017-04-20 13:15:39.71429	\N
1154	2	2017-04-20 13:15:44.142305	\N
1155	2	2017-04-20 13:16:00.637901	\N
1156	2	2017-04-20 13:16:09.103159	\N
1157	2	2017-04-20 13:16:13.535784	\N
1158	2	2017-04-20 13:16:27.049334	\N
1159	2	2017-04-20 13:16:37.524437	\N
1160	2	2017-04-20 13:16:45.995103	\N
1161	2	2017-04-20 13:16:49.409626	\N
1162	2	2017-04-20 13:17:03.904618	\N
1163	2	2017-04-20 13:17:31.499054	\N
1164	2	2017-04-20 13:17:36.92067	\N
1165	2	2017-04-20 13:17:59.485663	\N
1166	2	2017-04-20 13:18:29.091643	\N
1167	2	2017-04-20 13:18:33.527689	\N
1168	2	2017-04-20 13:18:44.001358	\N
1169	2	2017-04-20 13:18:55.488287	\N
1170	2	2017-04-20 13:19:02.949545	\N
1171	2	2017-04-20 13:19:05.362993	\N
1172	2	2017-04-20 13:19:11.798987	\N
1173	2	2017-04-20 13:19:56.485135	\N
1174	2	2017-04-20 13:20:02.933854	\N
1175	2	2017-04-20 13:20:05.355536	\N
1176	2	2017-04-20 13:20:07.769681	\N
1177	2	2017-04-20 13:20:15.229398	\N
1178	2	2017-04-20 13:20:29.72971	\N
1179	2	2017-04-20 13:20:44.234046	\N
1180	2	2017-04-20 13:21:06.757003	\N
1181	2	2017-04-20 13:22:50.794531	\N
1182	2	2017-04-20 13:23:53.534498	\N
1183	2	2017-04-20 13:24:42.887202	\N
1184	2	2017-04-20 13:24:45.299568	\N
1185	2	2017-04-20 13:25:48.179357	\N
1186	2	2017-04-20 13:26:03.672658	\N
1187	2	2017-04-20 13:26:18.194486	\N
1188	2	2017-04-20 13:26:29.537722	\N
1190	2	2017-04-20 14:02:23.074858	\N
1191	2	2017-04-20 14:03:19.903627	\N
1192	2	2017-04-20 14:03:29.361735	\N
1193	2	2017-04-20 14:03:46.86881	\N
1194	2	2017-04-20 14:03:53.318542	\N
1195	2	2017-04-20 14:04:02.795627	\N
1196	2	2017-04-20 14:04:27.361503	\N
1197	2	2017-04-20 14:04:33.809368	\N
1198	2	2017-04-20 14:05:03.390113	\N
1199	2	2017-04-20 14:06:15.243796	\N
1200	2	2017-04-20 14:06:21.682338	\N
1201	2	2017-04-20 14:06:24.102305	\N
1202	2	2017-04-20 14:06:30.548413	\N
1203	2	2017-04-20 14:06:32.970366	\N
1204	2	2017-04-20 14:06:35.395129	\N
1205	2	2017-04-20 14:07:06.999215	\N
1206	2	2017-04-20 14:07:12.437917	\N
1207	2	2017-04-20 14:07:14.855389	\N
1208	2	2017-04-20 14:07:18.456995	\N
1209	2	2017-04-20 14:07:37.955287	\N
1210	2	2017-04-20 14:07:55.499247	\N
1211	2	2017-04-20 14:08:04.919263	\N
1212	2	2017-04-20 14:08:11.753722	\N
1213	2	2017-04-20 14:08:34.537715	\N
1214	2	2017-04-20 14:08:39.972403	\N
1215	2	2017-04-20 14:08:46.422973	\N
1216	2	2017-04-20 14:08:57.916619	\N
1217	2	2017-04-20 14:09:04.941469	\N
1218	2	2017-04-20 14:09:15.423448	\N
1219	2	2017-04-20 14:09:20.864716	\N
1220	2	2017-04-20 14:09:29.852557	\N
1221	2	2017-04-20 14:09:43.435932	\N
1222	2	2017-04-20 14:11:11.781972	\N
1223	2	2017-04-20 14:11:59.755641	\N
1224	2	2017-04-20 14:12:34.433635	\N
1225	2	2017-04-20 14:12:39.865813	\N
1226	2	2017-04-20 14:12:43.285889	\N
1227	2	2017-04-20 14:12:49.745352	\N
1228	2	2017-04-20 14:12:53.159854	\N
1229	2	2017-04-20 14:13:06.669715	\N
1230	2	2017-04-20 14:13:12.117259	\N
1231	2	2017-04-20 14:13:16.254167	\N
1232	2	2017-04-20 14:14:23.989172	\N
1233	2	2017-04-20 14:15:25.849395	\N
1234	2	2017-04-20 14:15:34.420783	\N
1235	2	2017-04-20 14:18:02.268176	\N
1236	2	2017-04-20 14:18:08.579566	\N
1237	2	2017-04-20 14:18:34.895188	\N
1238	2	2017-04-20 14:19:09.503867	\N
1239	2	2017-04-20 14:19:14.193526	\N
1240	2	2017-04-20 14:20:01.236978	\N
1241	2	2017-04-20 14:23:09.75669	\N
1242	2	2017-04-20 14:24:08.166277	\N
1243	2	2017-04-20 14:25:28.086217	\N
1244	2	2017-04-20 14:25:43.587399	\N
1245	2	2017-04-20 14:25:55.070326	\N
1246	2	2017-04-20 14:26:06.550349	\N
1247	2	2017-04-20 14:26:17.024228	\N
1248	2	2017-04-20 14:27:20.127614	\N
1249	2	2017-04-20 14:29:25.083368	\N
1250	2	2017-04-20 14:29:52.696481	\N
1251	2	2017-04-20 14:30:22.016575	\N
1252	2	2017-04-20 14:30:42.206733	\N
1253	2	2017-04-20 14:31:01.556873	\N
1254	2	2017-04-20 14:31:13.797626	\N
1255	2	2017-04-20 14:31:43.931423	\N
1256	2	2017-04-20 14:32:22.549488	\N
1257	2	2017-04-20 14:32:43.084677	\N
1258	2	2017-04-20 14:32:45.517405	\N
1259	2	2017-04-20 14:32:47.941993	\N
1260	2	2017-04-20 14:33:03.451187	\N
1261	2	2017-04-20 14:33:06.887748	\N
1262	2	2017-04-20 14:33:11.322425	\N
1263	2	2017-04-20 14:33:47.988899	\N
1264	2	2017-04-20 14:33:50.403216	\N
1265	2	2017-04-20 14:34:15.977834	\N
1266	2	2017-04-20 14:35:12.764032	\N
1267	2	2017-04-20 14:35:40.348132	\N
1268	2	2017-04-20 14:35:47.797993	\N
1269	2	2017-04-20 14:36:18.384801	\N
1270	2	2017-04-20 14:36:20.804613	\N
1271	2	2017-04-20 14:36:32.275579	\N
1272	2	2017-04-20 14:36:45.777134	\N
1273	2	2017-04-20 14:36:49.203199	\N
1274	2	2017-04-20 14:37:38.940372	\N
1275	2	2017-04-20 14:37:44.38388	\N
1276	2	2017-04-20 14:37:52.85738	\N
1277	2	2017-04-20 14:38:13.140823	\N
1278	2	2017-04-20 14:40:07.110884	\N
1279	2	2017-04-20 14:40:24.655725	\N
1280	2	2017-04-20 14:40:38.735852	\N
1281	2	2017-04-20 14:41:22.937738	\N
1282	2	2017-04-20 14:42:07.405936	\N
1283	2	2017-04-20 14:43:40.488829	\N
1284	2	2017-04-20 14:44:34.930859	\N
1285	2	2017-04-20 14:46:39.994078	\N
1286	2	2017-04-20 14:47:25.162431	\N
1287	2	2017-04-20 14:48:49.560131	\N
1288	2	2017-04-20 14:49:04.06131	\N
1289	2	2017-04-20 14:49:41.061632	\N
1290	2	2017-04-20 14:51:16.177616	\N
1291	2	2017-04-20 14:51:28.662037	\N
1292	2	2017-04-20 14:51:47.612605	\N
1293	2	2017-04-20 14:53:22.390001	\N
1294	2	2017-04-20 14:54:20.766611	\N
1295	2	2017-04-20 14:54:47.886693	\N
1296	2	2017-04-20 14:55:06.048204	\N
1297	2	2017-04-20 14:55:24.27943	\N
1298	2	2017-04-20 14:55:37.647196	\N
1299	2	2017-04-20 14:56:05.251083	\N
1300	2	2017-04-20 14:56:16.731068	\N
1301	2	2017-04-20 14:56:24.192681	\N
1302	2	2017-04-20 14:56:30.637366	\N
1303	2	2017-04-20 14:56:41.11602	\N
1304	2	2017-04-20 14:56:47.564223	\N
1305	2	2017-04-20 14:56:50.991527	\N
1306	2	2017-04-20 14:56:56.370449	\N
1307	2	2017-04-20 14:57:37.700419	\N
1308	2	2017-04-20 15:14:10.643164	\N
1309	2	2017-04-20 15:14:19.081152	\N
1310	2	2017-04-20 15:15:08.81496	\N
1311	2	2017-04-20 15:15:13.666023	\N
1312	2	2017-04-20 15:15:28.149199	\N
1313	2	2017-04-20 15:17:31.341526	\N
1314	2	2017-04-20 15:17:40.804101	\N
1315	2	2017-04-20 15:18:04.34661	\N
1316	2	2017-04-20 15:18:18.848753	\N
1317	2	2017-04-20 15:18:30.338384	\N
1318	2	2017-04-20 15:18:39.80494	\N
1319	2	2017-04-20 15:18:44.221678	\N
1320	2	2017-04-20 15:18:53.782448	\N
1321	2	2017-04-20 15:19:13.306365	\N
1322	2	2017-04-20 15:19:16.733953	\N
1323	2	2017-04-20 15:19:36.27364	\N
1324	2	2017-04-20 15:19:52.79915	\N
1325	2	2017-04-20 15:20:04.273231	\N
1326	2	2017-04-20 15:20:26.832544	\N
1327	2	2017-04-20 15:20:29.249186	\N
1328	2	2017-04-20 15:20:49.830077	\N
1329	2	2017-04-20 15:20:52.242796	\N
1330	2	2017-04-20 15:21:04.726112	\N
1331	2	2017-04-20 15:21:14.196528	\N
1332	2	2017-04-20 15:21:27.695196	\N
1333	2	2017-04-20 15:21:43.224254	\N
1334	2	2017-04-20 15:21:47.661117	\N
1335	2	2017-04-20 15:21:51.083066	\N
1336	2	2017-04-20 15:21:56.526488	\N
1337	2	2017-04-20 15:22:31.170183	\N
1338	2	2017-04-20 15:22:33.593502	\N
1339	2	2017-04-20 15:22:43.067278	\N
1340	2	2017-04-20 15:22:59.601817	\N
1341	2	2017-04-20 15:23:13.112506	\N
1342	2	2017-04-20 15:23:54.835384	\N
1343	2	2017-04-20 15:24:11.351039	\N
1344	2	2017-04-20 15:24:18.802212	\N
1345	2	2017-04-20 15:24:22.391846	\N
1346	2	2017-04-20 15:25:11.588878	\N
1347	2	2017-04-20 15:25:58.304396	\N
1348	2	2017-04-20 15:26:03.748328	\N
1349	2	2017-04-20 15:26:17.262743	\N
1350	2	2017-04-20 15:26:40.817423	\N
1351	2	2017-04-20 15:26:46.351218	\N
1352	2	2017-04-20 15:26:56.333994	\N
1353	2	2017-04-20 15:27:17.983066	\N
1354	2	2017-04-20 15:27:38.480836	\N
1355	2	2017-04-20 15:28:03.069277	\N
1356	2	2017-04-20 15:28:35.715675	\N
1357	2	2017-04-20 15:30:04.779693	\N
1358	2	2017-04-20 15:30:07.198301	\N
1359	2	2017-04-20 15:30:12.658632	\N
1360	2	2017-04-20 15:30:35.199495	\N
1361	2	2017-04-20 15:30:51.722314	\N
1362	2	2017-04-20 15:31:10.235968	\N
1363	2	2017-04-20 15:31:20.349867	\N
1364	2	2017-04-20 15:34:26.902966	\N
1365	2	2017-04-20 15:34:32.332353	\N
1366	2	2017-04-20 15:34:39.77036	\N
1367	2	2017-04-20 15:34:52.256984	\N
1368	2	2017-04-20 15:35:20.858921	\N
1369	2	2017-04-20 15:35:24.290132	\N
1370	2	2017-04-20 15:35:27.724642	\N
1371	2	2017-04-20 15:35:37.182353	\N
1372	2	2017-04-20 15:35:48.665343	\N
1373	2	2017-04-20 15:36:33.870786	\N
1374	2	2017-04-20 15:36:49.437471	\N
1375	2	2017-04-20 15:39:45.606982	\N
1376	2	2017-04-20 15:40:11.181492	\N
1377	2	2017-04-20 15:40:22.681484	\N
1378	2	2017-04-20 15:40:25.537729	\N
1379	2	2017-04-20 15:40:34.033032	\N
1380	2	2017-04-20 15:40:37.554446	\N
1381	2	2017-04-20 15:40:44.021011	\N
1382	2	2017-04-20 15:44:47.85445	\N
1383	2	2017-04-20 15:44:50.268474	\N
1384	2	2017-04-20 15:45:58.147666	\N
1385	2	2017-04-20 15:46:15.681743	\N
1386	2	2017-04-20 15:46:27.025141	\N
1387	2	2017-04-20 15:46:35.483031	\N
1388	2	2017-04-20 15:46:58.0397	\N
1389	2	2017-04-20 15:47:05.494776	\N
1390	2	2017-04-20 15:47:09.92345	\N
1391	2	2017-04-20 15:47:14.369132	\N
1392	2	2017-04-20 15:47:18.804742	\N
1393	2	2017-04-20 15:47:23.232482	\N
1394	2	2017-04-20 15:47:35.728329	\N
1395	2	2017-04-20 15:48:07.340625	\N
1396	2	2017-04-20 15:48:11.771589	\N
1397	2	2017-04-20 15:48:16.208394	\N
1398	2	2017-04-20 15:48:25.676762	\N
1399	2	2017-04-20 15:48:34.634913	\N
1400	2	2017-04-20 15:48:52.354797	\N
1401	2	2017-04-20 15:51:10.0579	\N
1402	2	2017-04-20 15:52:13.326234	\N
1403	2	2017-04-20 15:53:03.062533	\N
1404	2	2017-04-20 15:53:15.562112	\N
1405	2	2017-04-20 15:53:25.031382	\N
1406	2	2017-04-20 15:53:32.478972	\N
1407	2	2017-04-20 15:53:34.889457	\N
1408	2	2017-04-20 15:53:41.342949	\N
1409	2	2017-04-20 15:53:44.775444	\N
1410	2	2017-04-20 15:53:59.29743	\N
1411	2	2017-04-20 15:55:34.311835	\N
1412	2	2017-04-20 15:56:42.697988	\N
1413	2	2017-04-20 15:56:45.552871	\N
1414	2	2017-04-20 15:59:31.373231	\N
1415	2	2017-04-20 15:59:33.784532	\N
1416	2	2017-04-20 16:00:05.397988	\N
1417	2	2017-04-20 16:00:08.830217	\N
1418	2	2017-04-20 16:00:48.493112	\N
1419	2	2017-04-20 16:03:27.916527	\N
1420	2	2017-04-20 16:03:31.331066	\N
1421	2	2017-04-20 16:03:34.767325	\N
1422	2	2017-04-20 16:04:42.646482	\N
1423	2	2017-04-20 16:05:08.242423	\N
1424	2	2017-04-20 16:05:36.855276	\N
1425	2	2017-04-20 16:05:44.377425	\N
1426	2	2017-04-20 16:06:08.910513	\N
1427	2	2017-04-20 16:06:24.419828	\N
1428	2	2017-04-20 16:06:28.851898	\N
1429	2	2017-04-20 16:06:37.307278	\N
1430	2	2017-04-20 16:06:57.861047	\N
1431	2	2017-04-20 16:07:31.521936	\N
1432	2	2017-04-20 16:07:52.081383	\N
1433	2	2017-04-20 16:08:47.888765	\N
1434	2	2017-04-20 16:08:52.306525	\N
1435	2	2017-04-20 16:09:01.775089	\N
1436	2	2017-04-20 16:09:06.207944	\N
1437	2	2017-04-20 16:09:13.647282	\N
1438	2	2017-04-20 16:09:18.097422	\N
1439	2	2017-04-20 16:09:25.548306	\N
1440	2	2017-04-20 16:09:29.971723	\N
1441	2	2017-04-20 16:09:36.426366	\N
1442	2	2017-04-20 16:09:47.914311	\N
1443	2	2017-04-20 16:10:20.54468	\N
1444	2	2017-04-20 16:10:25.976362	\N
1445	2	2017-04-20 16:10:43.526803	\N
1446	2	2017-04-20 16:11:47.324844	\N
1447	2	2017-04-20 16:11:58.810745	\N
1448	2	2017-04-20 16:12:17.344405	\N
1449	2	2017-04-20 16:12:48.967089	\N
1450	2	2017-04-20 16:12:56.420668	\N
1451	2	2017-04-20 16:13:06.900723	\N
1452	2	2017-04-20 16:13:13.346513	\N
1453	2	2017-04-20 16:13:21.814461	\N
1454	2	2017-04-20 16:13:25.242423	\N
1455	2	2017-04-20 16:13:27.660997	\N
1456	2	2017-04-20 16:13:35.1049	\N
1457	2	2017-04-20 16:13:40.535868	\N
1458	2	2017-04-20 16:13:47.987293	\N
1459	2	2017-04-20 16:13:50.401012	\N
1460	2	2017-04-20 16:13:55.46681	\N
1461	2	2017-04-20 16:13:57.327082	\N
1462	2	2017-04-20 16:15:57.16301	\N
1463	2	2017-04-20 16:17:12.252503	\N
1464	2	2017-04-20 16:19:48.637866	\N
1465	2	2017-04-20 16:19:51.061416	\N
1466	2	2017-04-20 16:20:05.591651	\N
1467	2	2017-04-20 16:20:25.132307	\N
1468	2	2017-04-20 16:20:59.760503	\N
1469	2	2017-04-20 16:21:05.204093	\N
1470	2	2017-04-20 16:21:11.660953	\N
1471	2	2017-04-20 16:21:59.376798	\N
1472	2	2017-04-20 16:22:17.902546	\N
1473	2	2017-04-20 16:23:08.710348	\N
1474	2	2017-04-20 16:23:48.393426	\N
1475	2	2017-04-20 16:24:35.12516	\N
1476	2	2017-04-20 16:24:41.579286	\N
1477	2	2017-04-20 16:26:42.741969	\N
1478	2	2017-04-20 16:27:05.943574	\N
1479	2	2017-04-20 16:27:15.410244	\N
1480	2	2017-04-20 16:28:15.218682	\N
1481	2	2017-04-20 16:28:19.646532	\N
1482	2	2017-04-20 16:28:37.178311	\N
1483	2	2017-04-20 16:29:02.75911	\N
1484	2	2017-04-20 16:29:08.187431	\N
1485	2	2017-04-20 16:29:16.64448	\N
1486	2	2017-04-20 16:29:46.252522	\N
1487	2	2017-04-20 16:29:50.674877	\N
1488	2	2017-04-20 16:30:05.192505	\N
1489	2	2017-04-20 16:30:16.667188	\N
1490	2	2017-04-20 16:30:41.254474	\N
1491	2	2017-04-20 16:30:55.780565	\N
1492	2	2017-04-20 16:31:04.230698	\N
1493	2	2017-04-20 16:31:07.665905	\N
1494	2	2017-04-20 16:31:11.085559	\N
1495	2	2017-04-20 16:31:14.509126	\N
1496	2	2017-04-20 16:31:21.972948	\N
1497	2	2017-04-20 16:31:36.482934	\N
1498	2	2017-04-20 16:31:38.903472	\N
1499	2	2017-04-20 16:31:42.333669	\N
1500	2	2017-04-20 16:31:52.805479	\N
1501	2	2017-04-20 16:31:56.231884	\N
1502	2	2017-04-20 16:32:07.72336	\N
1503	2	2017-04-20 16:32:11.154739	\N
1504	2	2017-04-20 16:32:13.572373	\N
1505	2	2017-04-20 16:32:38.150107	\N
1506	2	2017-04-20 16:32:40.565182	\N
1507	2	2017-04-20 16:32:43.983248	\N
1508	2	2017-04-20 16:32:49.43545	\N
1509	2	2017-04-20 16:32:52.855376	\N
1510	2	2017-04-20 16:32:57.290905	\N
1511	2	2017-04-20 16:32:59.720529	\N
1512	2	2017-04-20 16:33:27.311066	\N
1513	2	2017-04-20 16:33:57.918133	\N
1514	2	2017-04-20 16:34:02.364458	\N
1515	2	2017-04-20 16:34:15.851701	\N
1516	1	2017-04-20 16:34:52.682335	\N
1517	1	2017-04-20 16:35:48.944269	\N
1518	1	2017-04-20 16:35:56.388742	\N
1519	1	2017-04-20 16:36:00.818388	\N
1520	1	2017-04-20 16:36:08.273766	\N
1521	1	2017-04-20 16:36:13.722041	\N
1522	1	2017-04-20 16:36:48.360358	\N
1523	1	2017-04-20 16:36:53.791558	\N
1524	1	2017-04-20 16:36:58.231265	\N
1525	1	2017-04-20 16:37:20.767454	\N
1526	1	2017-04-20 16:37:26.217939	\N
1527	1	2017-04-20 16:38:46.143125	\N
1528	1	2017-04-20 16:39:36.724501	\N
1529	1	2017-04-20 16:39:45.192644	\N
1530	1	2017-04-20 16:40:13.487772	\N
1531	2	2017-04-20 23:42:25.898419	\N
1532	2	2017-04-20 23:43:44.330823	\N
\.


--
-- Name: game_session_id_seq; Type: SEQUENCE SET; Schema: public; Owner: josh
--

SELECT pg_catalog.setval('game_session_id_seq', 1532, true);


--
-- Data for Name: item_value; Type: TABLE DATA; Schema: public; Owner: josh
--

COPY item_value (id, value_amount) FROM stdin;
1	100
2	200
3	300
4	400
5	500
6	600
7	700
8	800
9	900
10	1000
\.


--
-- Name: item_value_id_seq; Type: SEQUENCE SET; Schema: public; Owner: josh
--

SELECT pg_catalog.setval('item_value_id_seq', 10, true);


--
-- Data for Name: player; Type: TABLE DATA; Schema: public; Owner: josh
--

COPY player (id, firstname, lastname, username, password) FROM stdin;
1	Ted	Bundy	tb1234	tb1234
2	Demo	Demo	demo	demo
6	Joshua	OBrian	Testie	Testerson
7	bob	log	123test	123test
8	Laura	Smiggles	lsmiggles12	lsmiggles12
9	Mike	Mike	123Mike	mike123
10	bob	betski	123kjd	123kjfds
11	shun	lee	123	123
\.


--
-- Name: player_id_seq; Type: SEQUENCE SET; Schema: public; Owner: josh
--

SELECT pg_catalog.setval('player_id_seq', 11, true);


--
-- Data for Name: questions; Type: TABLE DATA; Schema: public; Owner: josh
--

COPY questions (id, question, category_id, value_id) FROM stdin;
1	This is how you would make things show in the console. 	1	2
2	This is how you would iterate through something.	1	4
4	You need this to start a java application.	1	8
7	This tag is used to declare a row in a table.	2	2
8	This tag defines a caption for the <fieldset> element.	2	4
10	<form>, <table>, and <article> are examples of.	2	10
12	You would use me to wrap all of the styling of a element in.	3	2
13	This is used to change the color of font.	3	4
18	This is how you would prevent a page from reloading.	7	4
19	A framework that uses $ to select elements.	7	6
20	To add a listener to an element on a page you would use this function.	7	8
21	To add an element to an element you would use this.	7	10
22	This needs to be inserted at the top of a html page	6	2
28	This Annotation allows you to send and receive data at specific URLs	5	4
30	When connecting to a Database you might use what class.	5	8
31	Application.properties can be good for what.	5	10
32	The file extension.	4	2
34	The proper way to make a function is.	4	6
35	An item that holds keys and values.	4	8
36	The person who Developed it.	4	10
6	The company that maintains Java is known as who.	1	6
15	To add space between two elements you would add...	3	8
16	rgba() can be used for what...	3	10
17	what is this an example of ()=>	7	2
23	This would be used to insert text into an element.	6	4
24	You would use this to loop through an Array of objects in a Html page.	6	6
29	A method that is used to load a page must return what type of object.	5	6
33	To show output in the console you would use.	4	4
3	How would you connect a Class to another Class without making a new instance.	5	6
5	This environment is need to run an application.	1	10
9	This is where you declare your styling sheet	2	8
11	The element that contains scripting elements.	2	6
14	What Styling tag would you use to fix an Element to a certain position.	3	6
25	I would be used to call only the property name of an Object	6	8
26	All tags must be what when using Thymeleaf.	6	10
27	I am needed in the class with the Main method to work.	5	2
\.


--
-- Name: questions_id_seq; Type: SEQUENCE SET; Schema: public; Owner: josh
--

SELECT pg_catalog.setval('questions_id_seq', 36, true);


--
-- Name: answers answers_pkey; Type: CONSTRAINT; Schema: public; Owner: josh
--

ALTER TABLE ONLY answers
    ADD CONSTRAINT answers_pkey PRIMARY KEY (id);


--
-- Name: category category_pkey; Type: CONSTRAINT; Schema: public; Owner: josh
--

ALTER TABLE ONLY category
    ADD CONSTRAINT category_pkey PRIMARY KEY (id);


--
-- Name: game_session game_session_pkey; Type: CONSTRAINT; Schema: public; Owner: josh
--

ALTER TABLE ONLY game_session
    ADD CONSTRAINT game_session_pkey PRIMARY KEY (id);


--
-- Name: item_value item_value_pkey; Type: CONSTRAINT; Schema: public; Owner: josh
--

ALTER TABLE ONLY item_value
    ADD CONSTRAINT item_value_pkey PRIMARY KEY (id);


--
-- Name: player player_pkey; Type: CONSTRAINT; Schema: public; Owner: josh
--

ALTER TABLE ONLY player
    ADD CONSTRAINT player_pkey PRIMARY KEY (id);


--
-- Name: questions questions_pkey; Type: CONSTRAINT; Schema: public; Owner: josh
--

ALTER TABLE ONLY questions
    ADD CONSTRAINT questions_pkey PRIMARY KEY (id);


--
-- Name: answers_id_unique; Type: INDEX; Schema: public; Owner: josh
--

CREATE UNIQUE INDEX answers_id_unique ON answers USING btree (id);


--
-- Name: category_category_type_unique; Type: INDEX; Schema: public; Owner: josh
--

CREATE UNIQUE INDEX category_category_type_unique ON category USING btree (category_type);


--
-- Name: category_id_unique; Type: INDEX; Schema: public; Owner: josh
--

CREATE UNIQUE INDEX category_id_unique ON category USING btree (id);


--
-- Name: currency_play_id_unique; Type: INDEX; Schema: public; Owner: josh
--

CREATE UNIQUE INDEX currency_play_id_unique ON currency USING btree (player_id);


--
-- Name: game_session_id_unique; Type: INDEX; Schema: public; Owner: josh
--

CREATE UNIQUE INDEX game_session_id_unique ON game_session USING btree (id);


--
-- Name: item_value_id_unique; Type: INDEX; Schema: public; Owner: josh
--

CREATE UNIQUE INDEX item_value_id_unique ON item_value USING btree (id);


--
-- Name: item_value_value_amount_unique; Type: INDEX; Schema: public; Owner: josh
--

CREATE UNIQUE INDEX item_value_value_amount_unique ON item_value USING btree (value_amount);


--
-- Name: player_id_unique; Type: INDEX; Schema: public; Owner: josh
--

CREATE UNIQUE INDEX player_id_unique ON player USING btree (id);


--
-- Name: questions_id_unique; Type: INDEX; Schema: public; Owner: josh
--

CREATE UNIQUE INDEX questions_id_unique ON questions USING btree (id);


--
-- Name: questions_question_unique; Type: INDEX; Schema: public; Owner: josh
--

CREATE UNIQUE INDEX questions_question_unique ON category USING btree (category_type);


--
-- Name: answers answers_questions_id_fk; Type: FK CONSTRAINT; Schema: public; Owner: josh
--

ALTER TABLE ONLY answers
    ADD CONSTRAINT answers_questions_id_fk FOREIGN KEY (question_id) REFERENCES questions(id);


--
-- Name: currency currency_player_id_fkey; Type: FK CONSTRAINT; Schema: public; Owner: josh
--

ALTER TABLE ONLY currency
    ADD CONSTRAINT currency_player_id_fkey FOREIGN KEY (player_id) REFERENCES player(id);


--
-- Name: game_session game_session_player_id_fk; Type: FK CONSTRAINT; Schema: public; Owner: josh
--

ALTER TABLE ONLY game_session
    ADD CONSTRAINT game_session_player_id_fk FOREIGN KEY (player_id) REFERENCES player(id);


--
-- Name: questions questions_category_id_fkey; Type: FK CONSTRAINT; Schema: public; Owner: josh
--

ALTER TABLE ONLY questions
    ADD CONSTRAINT questions_category_id_fkey FOREIGN KEY (category_id) REFERENCES category(id);


--
-- Name: questions questions_item_value_id_fk; Type: FK CONSTRAINT; Schema: public; Owner: josh
--

ALTER TABLE ONLY questions
    ADD CONSTRAINT questions_item_value_id_fk FOREIGN KEY (value_id) REFERENCES item_value(id);


--
-- PostgreSQL database dump complete
--

